{
  "eval_loss": 0.7287465929985046,
  "eval_accuracy": 0.7361292540391887,
  "eval_f1_macro": 0.6856063917059965,
  "eval_runtime": 28.8816,
  "eval_samples_per_second": 503.607,
  "eval_steps_per_second": 7.894,
  "epoch": 4.0
}